date,fips,recip_county,recip_state,series_complete_pop_pct,administered_dose1_pop_pct,booster_doses_vax_pct
2022-02-01T00:00:00.000,37183,Wake County,NC,70.7,95.0,23.7
2022-02-01T00:00:00.000,42029,Chester County,PA,75.2,95.0,40.3
2022-02-01T00:00:00.000,37135,Orange County,NC,75.9,95.0,27.4
2022-02-01T00:00:00.000,37063,Durham County,NC,68.6,95.0,27.3
2022-02-01T00:00:00.000,09009,New Haven County,CT,75.1,92.0,45.7
2022-02-01T00:00:00.000,51059,Fairfax County,VA,74.5,90.8,38.6
2022-02-01T00:00:00.000,35013,Dona Ana County,NM,71.9,89.3,41.6
2022-02-01T00:00:00.000,04005,Coconino County,AZ,74.9,88.8,41.9
2022-02-01T00:00:00.000,55025,Dane County,WI,81.1,88.5,61.3
2022-02-01T00:00:00.000,36109,Tompkins County,NY,77.9,88.1,53.4
2022-02-01T00:00:00.000,37129,New Hanover County,NC,61.6,87.8,24.3
2022-02-01T00:00:00.000,34021,Mercer County,NJ,68.3,86.7,46.4
2022-02-01T00:00:00.000,34013,Essex County,NJ,69.2,86.2,39.5
2022-02-01T00:00:00.000,37081,Guilford County,NC,59.4,86.0,17.6
2022-02-01T00:00:00.000,24003,Anne Arundel County,MD,74.5,84.5,45.8
2022-02-01T00:00:00.000,24033,Prince George's County,MD,70.6,84.2,38.2
2022-02-01T00:00:00.000,36103,Suffolk County,NY,73.3,83.4,41.7
2022-02-01T00:00:00.000,08059,Jefferson County,CO,76.1,82.9,52.8
2022-02-01T00:00:00.000,50007,Chittenden County,VT,72.5,82.7,59.6
2022-02-01T00:00:00.000,42077,Lehigh County,PA,70.5,82.1,43.3
2022-02-01T00:00:00.000,10003,New Castle County,DE,66.3,81.1,40.7
2022-02-01T00:00:00.000,20045,Douglas County,KS,59.9,79.7,46.6
2022-02-01T00:00:00.000,42003,Allegheny County,PA,67.9,79.0,46.0
2022-02-01T00:00:00.000,19103,Johnson County,IA,71.2,79.0,55.0
2022-02-01T00:00:00.000,04019,Pima County,AZ,66.1,78.7,41.0
2022-02-01T00:00:00.000,53073,Whatcom County,WA,70.1,78.0,50.2
2022-02-01T00:00:00.000,44007,Providence County,RI,68.4,77.7,47.3
2022-02-01T00:00:00.000,06059,Orange County,CA,69.8,77.6,50.3
2022-02-01T00:00:00.000,06083,Santa Barbara County,CA,68.4,76.9,46.1
2022-02-01T00:00:00.000,21067,Fayette County,KY,64.7,76.5,44.6
2022-02-01T00:00:00.000,06113,Yolo County,CA,68.1,75.7,49.5
2022-02-01T00:00:00.000,09013,Tolland County,CT,65.4,75.0,55.0
2022-02-01T00:00:00.000,12001,Alachua County,FL,64.9,74.4,42.2
2022-02-01T00:00:00.000,36029,Erie County,NY,68.2,74.1,53.2
2022-02-01T00:00:00.000,08069,Larimer County,CO,66.6,74.0,55.0
2022-02-01T00:00:00.000,54037,Jefferson County,WV,61.4,73.8,38.9
2022-02-01T00:00:00.000,32031,Washoe County,NV,62.5,73.6,39.8
2022-02-01T00:00:00.000,26161,Washtenaw County,MI,69.4,73.6,50.8
2022-02-01T00:00:00.000,41039,Lane County,OR,66.2,73.4,49.5
2022-02-01T00:00:00.000,42043,Dauphin County,PA,60.6,73.2,39.2
2022-02-01T00:00:00.000,21111,Jefferson County,KY,62.3,73.2,44.3
2022-02-01T00:00:00.000,55063,La Crosse County,WI,67.5,72.8,56.3
2022-02-01T00:00:00.000,37099,Jackson County,NC,53.4,72.3,26.1
2022-02-01T00:00:00.000,47037,Davidson County,TN,63.3,72.0,43.1
2022-02-01T00:00:00.000,17019,Champaign County,IL,63.8,71.6,52.4
2022-02-01T00:00:00.000,48209,Hays County,TX,60.3,71.4,37.0
2022-02-01T00:00:00.000,06023,Humboldt County,CA,64.2,71.1,50.7
2022-02-01T00:00:00.000,29019,Boone County,MO,60.3,71.0,39.7
2022-02-01T00:00:00.000,37147,Pitt County,NC,52.2,70.6,19.3
2022-02-01T00:00:00.000,37189,Watauga County,NC,54.2,70.5,31.1
2022-02-01T00:00:00.000,27169,Winona County,MN,63.5,69.7,51.0
2022-02-01T00:00:00.000,48113,Dallas County,TX,58.5,69.3,33.6
2022-02-01T00:00:00.000,40027,Cleveland County,OK,53.8,69.0,38.5
2022-02-01T00:00:00.000,17113,McLean County,IL,62.5,68.6,50.9
2022-02-01T00:00:00.000,30031,Gallatin County,MT,57.8,68.5,45.5
2022-02-01T00:00:00.000,48121,Denton County,TX,60.0,68.2,38.5
2022-02-01T00:00:00.000,55087,Outagamie County,WI,62.6,68.0,53.4
2022-02-01T00:00:00.000,54011,Cabell County,WV,58.9,67.9,44.8
2022-02-01T00:00:00.000,45079,Richland County,SC,56.5,67.8,36.0
2022-02-01T00:00:00.000,55097,Portage County,WI,60.8,67.7,51.7
2022-02-01T00:00:00.000,19169,Story County,IA,62.0,67.4,54.1
2022-02-01T00:00:00.000,53063,Spokane County,WA,59.3,66.5,43.5
2022-02-01T00:00:00.000,06079,San Luis Obispo County,CA,59.2,66.0,55.7
2022-02-01T00:00:00.000,47093,Knox County,TN,58.8,65.6,45.5
2022-02-01T00:00:00.000,16057,Latah County,ID,57.2,65.4,41.1
2022-02-01T00:00:00.000,05143,Washington County,AR,53.9,65.3,36.4
2022-02-01T00:00:00.000,04013,Maricopa County,AZ,55.1,65.0,36.7
2022-02-01T00:00:00.000,12073,Leon County,FL,55.4,64.3,43.0
2022-02-01T00:00:00.000,18105,Monroe County,IN,57.7,64.1,47.5
2022-02-01T00:00:00.000,18141,St. Joseph County,IN,56.9,64.0,44.3
2022-02-01T00:00:00.000,19013,Black Hawk County,IA,58.8,64.0,49.3
2022-02-01T00:00:00.000,54061,Monongalia County,WV,57.7,64.0,45.4
2022-02-01T00:00:00.000,55035,Eau Claire County,WI,60.5,64.0,55.8
2022-02-01T00:00:00.000,41029,Jackson County,OR,56.9,63.3,46.3
2022-02-01T00:00:00.000,42119,Union County,PA,56.1,63.2,49.2
2022-02-01T00:00:00.000,49049,Utah County,UT,53.5,63.1,30.6
2022-02-01T00:00:00.000,18157,Tippecanoe County,IN,56.2,63.0,44.0
2022-02-01T00:00:00.000,45045,Greenville County,SC,53.4,62.8,39.2
2022-02-01T00:00:00.000,36023,Cortland County,NY,58.1,62.2,52.6
2022-02-01T00:00:00.000,56001,Albany County,WY,55.2,61.4,45.3
2022-02-01T00:00:00.000,24045,Wicomico County,MD,53.7,60.8,44.8
2022-02-01T00:00:00.000,26021,Berrien County,MI,54.4,60.2,45.7
2022-02-01T00:00:00.000,28071,Lafayette County,MS,53.8,60.0,38.6
2022-02-01T00:00:00.000,39017,Butler County,OH,55.4,59.9,45.3
2022-02-01T00:00:00.000,53037,Kittitas County,WA,52.9,59.7,46.2
2022-02-01T00:00:00.000,55043,Grant County,WI,53.8,58.9,51.8
2022-02-01T00:00:00.000,26065,Ingham County,MI,55.8,58.8,55.5
2022-02-01T00:00:00.000,40119,Payne County,OK,47.7,58.5,40.7
2022-02-01T00:00:00.000,48041,Brazos County,TX,50.2,58.4,33.9
2022-02-01T00:00:00.000,30001,Beaverhead County,MT,53.2,57.7,48.9
2022-02-01T00:00:00.000,06007,Butte County,CA,52.2,57.5,45.9
2022-02-01T00:00:00.000,28105,Oktibbeha County,MS,50.3,56.7,37.6
2022-02-01T00:00:00.000,53075,Whitman County,WA,45.6,55.6,44.1
2022-02-01T00:00:00.000,47141,Putnam County,TN,49.8,55.1,40.6
2022-02-01T00:00:00.000,48303,Lubbock County,TX,47.2,54.7,33.5
2022-02-01T00:00:00.000,18167,Vigo County,IN,48.6,53.9,41.5
2022-02-01T00:00:00.000,08077,Mesa County,CO,48.6,53.7,50.7
2022-02-01T00:00:00.000,51121,Montgomery County,VA,45.7,53.7,37.3
2022-02-01T00:00:00.000,26061,Houghton County,MI,51.1,53.6,51.1
2022-02-01T00:00:00.000,37155,Robeson County,NC,40.9,53.5,24.7
2022-02-01T00:00:00.000,45077,Pickens County,SC,45.4,52.0,40.0
2022-02-01T00:00:00.000,01125,Tuscaloosa County,AL,42.5,51.8,33.8
2022-02-01T00:00:00.000,55033,Dunn County,WI,47.9,51.3,54.1
2022-02-01T00:00:00.000,13059,Clarke County,GA,45.5,51.2,42.9
2022-02-01T00:00:00.000,29001,Adair County,MO,44.0,51.1,42.7
2022-02-01T00:00:00.000,49021,Iron County,UT,43.6,50.6,33.3
2022-02-01T00:00:00.000,29161,Phelps County,MO,42.6,49.5,38.8
2022-02-01T00:00:00.000,28035,Forrest County,MS,41.8,49.3,34.3
2022-02-01T00:00:00.000,55093,Pierce County,WI,43.0,48.7,47.8
2022-02-01T00:00:00.000,01081,Lee County,AL,39.0,46.9,31.8
2022-02-01T00:00:00.000,26073,Isabella County,MI,43.6,45.8,51.0
2022-02-01T00:00:00.000,20161,Riley County,KS,38.1,43.6,52.0
2022-02-01T00:00:00.000,25001,Barnstable County,MA,,,
