fips,omicron_surge_start
01081,2021-12-01
01125,2021-12-02
04005,2021-12-01
04013,2021-12-01
04019,2021-12-01
05143,2021-12-01
06007,2021-12-01
06023,2021-12-01
06059,2021-12-01
06079,2021-12-01
06083,2021-12-01
06113,2021-12-01
08059,2021-12-02
08069,2021-12-01
08077,2021-12-02
09009,2021-12-01
09013,2021-12-01
10003,2021-12-01
12001,2021-12-01
12073,2021-12-01
13059,2021-12-01
16057,2021-12-01
17019,2021-12-01
17113,2021-12-01
18105,2021-12-01
18141,2021-12-01
18157,2021-12-01
18167,2021-12-01
19013,2021-12-01
19103,2021-12-01
19169,2021-12-01
20045,2021-12-01
20161,2021-12-01
21067,2021-12-01
21111,2021-12-01
24003,2021-12-01
24033,2021-12-01
24045,2021-12-01
25001,2021-12-01
26021,2021-12-01
26061,2021-12-01
26065,2021-12-01
26073,2021-12-01
26161,2021-12-01
27169,2021-12-02
28035,2021-12-01
28071,2021-12-03
28105,2021-12-01
29001,2021-12-02
29019,2021-12-01
29161,2021-12-01
30001,2021-12-03
30031,2021-12-02
32031,2021-12-01
34013,2021-12-01
34021,2021-12-01
35013,2021-12-01
36023,2021-12-01
36029,2021-12-01
36103,2021-12-01
36109,2021-12-01
37063,2021-12-01
37081,2021-12-01
37099,2021-12-01
37129,2021-12-01
37135,2021-12-01
37147,2021-12-01
37155,2021-12-01
37183,2021-12-01
37189,2021-12-01
39017,2021-12-01
40027,2021-12-01
40119,2021-12-01
41029,2021-12-01
41039,2021-12-01
42003,2021-12-01
42029,2021-12-01
42043,2021-12-01
42077,2021-12-01
42119,2021-12-01
44007,2021-12-01
45045,2021-12-01
45077,2021-12-01
45079,2021-12-01
47037,2021-12-01
47093,2021-12-01
47141,2021-12-01
48041,2021-12-01
48113,2021-12-01
48121,2021-12-01
48209,2021-12-01
48303,2021-12-01
49021,2021-12-01
49049,2021-12-01
50007,2021-12-01
51059,2021-12-01
51121,2021-12-01
53037,2021-12-01
53063,2021-12-01
53073,2021-12-01
53075,2021-12-01
54011,2021-12-01
54037,2021-12-01
54061,2021-12-01
55025,2021-12-01
55033,2021-12-01
55035,2021-12-01
55043,2021-12-01
55063,2021-12-01
55087,2021-12-01
55093,2021-12-01
55097,2021-12-01
56001,2021-12-01
